{
  "dev": {
    "awscloudformation": {
      "AuthRoleName": "amplify-emarinecloud-dev-170110-authRole",
      "UnauthRoleArn": "arn:aws:iam::002095041041:role/amplify-emarinecloud-dev-170110-unauthRole",
      "AuthRoleArn": "arn:aws:iam::002095041041:role/amplify-emarinecloud-dev-170110-authRole",
      "Region": "eu-north-1",
      "DeploymentBucketName": "amplify-emarinecloud-dev-170110-deployment",
      "UnauthRoleName": "amplify-emarinecloud-dev-170110-unauthRole",
      "StackName": "amplify-emarinecloud-dev-170110",
      "StackId": "arn:aws:cloudformation:eu-north-1:002095041041:stack/amplify-emarinecloud-dev-170110/6fe17460-d0d2-11ee-920a-0e45fc2a851c",
      "AmplifyAppId": "d1c9qanmm6s06l"
    },
    "categories": {
      "api": {
        "emarinecloud": {}
      },
      "auth": {
        "eMarineCloud": {}
      },
      "function": {
        "updateVesselsMT": {
          "deploymentBucketName": "amplify-emarinecloud-dev-170110-deployment",
          "s3Key": "amplify-builds/updateVesselsMT-7154614f776259416755-build.zip"
        },
        "updateVesselsMQTT": {
          "deploymentBucketName": "amplify-emarinecloud-dev-170110-deployment",
          "s3Key": "amplify-builds/updateVesselsMQTT-4a677a316d46514e4e76-build.zip"
        }
      }
    }
  }
}