{
  "api": {
    "emarinecloud": {
      "dependsOn": [],
      "output": {
        "authConfig": {
          "additionalAuthenticationProviders": [
            {
              "authenticationType": "AWS_IAM"
            }
          ],
          "defaultAuthentication": {
            "apiKeyConfig": {
              "apiKeyExpirationDays": 30,
              "description": "api key description"
            },
            "authenticationType": "API_KEY"
          }
        }
      },
      "providerPlugin": "awscloudformation",
      "service": "AppSync"
    }
  },
  "auth": {
    "eMarineCloud": {
      "customAuth": false,
      "dependsOn": [],
      "frontendAuthConfig": {
        "mfaConfiguration": "OFF",
        "mfaTypes": [
          "SMS"
        ],
        "passwordProtectionSettings": {
          "passwordPolicyCharacters": [
            "REQUIRES_LOWERCASE",
            "REQUIRES_NUMBERS",
            "REQUIRES_SYMBOLS",
            "REQUIRES_UPPERCASE"
          ],
          "passwordPolicyMinLength": 8
        },
        "signupAttributes": [
          "NAME"
        ],
        "socialProviders": [],
        "usernameAttributes": [
          "EMAIL"
        ],
        "verificationMechanisms": [
          "EMAIL"
        ]
      },
      "providerPlugin": "awscloudformation",
      "service": "Cognito"
    }
  },
  "function": {
    "updateVesselsMQTT": {
      "build": true,
      "dependsOn": [
        {
          "attributes": [
            "Name"
          ],
          "category": "function",
          "resourceName": "updateVesselsMT"
        }
      ],
      "providerPlugin": "awscloudformation",
      "service": "Lambda"
    },
    "updateVesselsMT": {
      "build": true,
      "providerPlugin": "awscloudformation",
      "service": "Lambda"
    }
  },
  "parameters": {
    "AMPLIFY_function_updateVesselsMQTT_deploymentBucketName": {
      "usedBy": [
        {
          "category": "function",
          "resourceName": "updateVesselsMQTT"
        }
      ]
    },
    "AMPLIFY_function_updateVesselsMQTT_s3Key": {
      "usedBy": [
        {
          "category": "function",
          "resourceName": "updateVesselsMQTT"
        }
      ]
    },
    "AMPLIFY_function_updateVesselsMT_deploymentBucketName": {
      "usedBy": [
        {
          "category": "function",
          "resourceName": "updateVesselsMT"
        }
      ]
    },
    "AMPLIFY_function_updateVesselsMT_s3Key": {
      "usedBy": [
        {
          "category": "function",
          "resourceName": "updateVesselsMT"
        }
      ]
    }
  }
}