{
  "providers": {
    "awscloudformation": {
      "AuthRoleName": "amplify-emarinecloud-dev-170110-authRole",
      "UnauthRoleArn": "arn:aws:iam::002095041041:role/amplify-emarinecloud-dev-170110-unauthRole",
      "AuthRoleArn": "arn:aws:iam::002095041041:role/amplify-emarinecloud-dev-170110-authRole",
      "Region": "eu-north-1",
      "DeploymentBucketName": "amplify-emarinecloud-dev-170110-deployment",
      "UnauthRoleName": "amplify-emarinecloud-dev-170110-unauthRole",
      "StackName": "amplify-emarinecloud-dev-170110",
      "StackId": "arn:aws:cloudformation:eu-north-1:002095041041:stack/amplify-emarinecloud-dev-170110/6fe17460-d0d2-11ee-920a-0e45fc2a851c",
      "AmplifyAppId": "d1c9qanmm6s06l"
    }
  },
  "api": {
    "emarinecloud": {
      "dependsOn": [],
      "output": {
        "authConfig": {
          "additionalAuthenticationProviders": [
            {
              "authenticationType": "AWS_IAM"
            }
          ],
          "defaultAuthentication": {
            "authenticationType": "API_KEY",
            "apiKeyConfig": {
              "apiKeyExpirationDays": 30,
              "description": "api key description"
            }
          }
        },
        "GraphQLAPIIdOutput": "47tnpcgmffejfjbi2tuaoydnhu",
        "GraphQLAPIEndpointOutput": "https://6x27zb6zyfhahlqioya5eilj5a.appsync-api.eu-north-1.amazonaws.com/graphql",
        "GraphQLAPIKeyOutput": "da2-qnp26ykiovagnkpxdd62wpvtta"
      },
      "providerPlugin": "awscloudformation",
      "service": "AppSync",
      "lastPushTimeStamp": "2024-02-29T17:05:45.172Z",
      "providerMetadata": {
        "s3TemplateURL": "https://s3.amazonaws.com/amplify-emarinecloud-dev-170110-deployment/amplify-cfn-templates/api/cloudformation-template.json",
        "logicalId": "apiemarinecloud"
      },
      "lastPushDirHash": "D6Pfrdrshatfpd1uYrNoTtvaRFA="
    }
  },
  "auth": {
    "eMarineCloud": {
      "customAuth": false,
      "dependsOn": [],
      "frontendAuthConfig": {
        "mfaConfiguration": "OFF",
        "mfaTypes": [
          "SMS"
        ],
        "passwordProtectionSettings": {
          "passwordPolicyMinLength": 8,
          "passwordPolicyCharacters": [
            "REQUIRES_LOWERCASE",
            "REQUIRES_NUMBERS",
            "REQUIRES_SYMBOLS",
            "REQUIRES_UPPERCASE"
          ]
        },
        "signupAttributes": [
          "NAME"
        ],
        "socialProviders": [],
        "usernameAttributes": [
          "EMAIL"
        ],
        "verificationMechanisms": [
          "EMAIL"
        ]
      },
      "providerPlugin": "awscloudformation",
      "service": "Cognito",
      "output": {
        "UserPoolId": "eu-north-1_OaF5Ii85l",
        "AppClientIDWeb": "ammoqqe40pnrokkf0ebljpeqg",
        "AppClientID": "6c9bd4npnfoung9idlbq8ocmji",
        "IdentityPoolId": "eu-north-1:5770bedd-ec49-41c1-90dc-9300fa0d9729",
        "UserPoolArn": "arn:aws:cognito-idp:eu-north-1:002095041041:userpool/eu-north-1_OaF5Ii85l",
        "IdentityPoolName": "testAuthIdentityPool__dev",
        "UserPoolName": "eMarineCloud"
      },
      "lastPushTimeStamp": "2024-02-29T17:05:45.175Z",
      "providerMetadata": {
        "s3TemplateURL": "https://s3.amazonaws.com/amplify-emarinecloud-dev-170110-deployment/amplify-cfn-templates/auth/eMarineCloud-cloudformation-template.json",
        "logicalId": "autheMarineCloud"
      }
    }
  },
  "function": {
    "updateVesselsMQTT": {
      "build": true,
      "providerPlugin": "awscloudformation",
      "service": "Lambda",
      "output": {
        "LambdaExecutionRoleArn": "arn:aws:iam::002095041041:role/emarinecloudLambdaRoled3c81e3d-dev",
        "Region": "eu-north-1",
        "Arn": "arn:aws:lambda:eu-north-1:002095041041:function:updateVesselsMQTT-dev",
        "Name": "updateVesselsMQTT-dev",
        "LambdaExecutionRole": "emarinecloudLambdaRoled3c81e3d-dev"
      },
      "lastPushTimeStamp": "2024-02-29T17:05:45.178Z",
      "providerMetadata": {
        "s3TemplateURL": "https://s3.amazonaws.com/amplify-emarinecloud-dev-170110-deployment/amplify-cfn-templates/function/updateVesselsMQTT-cloudformation-template.json",
        "logicalId": "functionupdateVesselsMQTT"
      },
      "s3Bucket": {
        "deploymentBucketName": "amplify-emarinecloud-dev-170110-deployment",
        "s3Key": "amplify-builds/updateVesselsMQTT-4a677a316d46514e4e76-build.zip"
      },
      "lastDevBuildTimeStamp": "2024-02-29T16:57:08.627Z",
      "lastBuildType": "DEV",
      "lastBuildTimeStamp": "2024-02-29T16:18:48.548Z",
      "lastPackageTimeStamp": "2024-02-29T16:18:48.583Z",
      "distZipFilename": "updateVesselsMQTT-4a677a316d46514e4e76-build.zip",
      "lastPushDirHash": "1nVJWIrr5nYjUCtl/N97rzdwulc=",
      "dependsOn": [
        {
          "category": "function",
          "resourceName": "updateVesselsMT",
          "attributes": [
            "Name"
          ]
        }
      ]
    },
    "updateVesselsMT": {
      "build": true,
      "providerPlugin": "awscloudformation",
      "service": "Lambda",
      "output": {
        "LambdaExecutionRoleArn": "arn:aws:iam::002095041041:role/emarinecloudLambdaRolea7a59032-dev",
        "Region": "eu-north-1",
        "Arn": "arn:aws:lambda:eu-north-1:002095041041:function:updateVesselsMT-dev",
        "Name": "updateVesselsMT-dev",
        "LambdaExecutionRole": "emarinecloudLambdaRolea7a59032-dev",
        "CloudWatchEventRule": "amplify-emarinecloud-dev-170110-fun-CloudWatchEvent-404nsQPyicHo"
      },
      "lastPushTimeStamp": "2024-02-29T17:05:45.182Z",
      "providerMetadata": {
        "s3TemplateURL": "https://s3.amazonaws.com/amplify-emarinecloud-dev-170110-deployment/amplify-cfn-templates/function/updateVesselsMT-cloudformation-template.json",
        "logicalId": "functionupdateVesselsMT"
      },
      "s3Bucket": {
        "deploymentBucketName": "amplify-emarinecloud-dev-170110-deployment",
        "s3Key": "amplify-builds/updateVesselsMT-7154614f776259416755-build.zip"
      },
      "lastDevBuildTimeStamp": "2024-02-28T09:56:27.274Z",
      "lastBuildType": "PROD",
      "lastBuildTimeStamp": "2024-02-29T16:18:49.288Z",
      "lastPackageTimeStamp": "2024-02-29T16:18:49.314Z",
      "distZipFilename": "updateVesselsMT-7154614f776259416755-build.zip",
      "lastPushDirHash": "MXgPkxRb8Y65YtKlFZoUlXo2D2U="
    }
  }
}